,time,activep
0,2022-01-31 23:59:45,10.2
1,2022-01-31 23:58:44,9.3
2,2022-01-31 23:57:42,9.3
3,2022-01-31 23:56:41,9.3
4,2022-01-31 23:55:39,10.4
5,2022-01-31 23:54:38,10.4
6,2022-01-31 23:53:37,10.3
7,2022-01-31 23:52:35,10.3
8,2022-01-31 23:51:34,10.3
9,2022-01-31 23:50:32,10.2
10,2022-01-31 23:49:31,12.1
11,2022-01-31 23:48:29,12.0
12,2022-01-31 23:47:28,11.1
13,2022-01-31 23:46:27,11.1
14,2022-01-31 23:45:25,11.1
15,2022-01-31 23:44:24,10.2
16,2022-01-31 23:43:22,10.6
17,2022-01-31 23:42:21,10.7
18,2022-01-31 23:41:20,10.6
19,2022-01-31 23:40:18,11.7
20,2022-01-31 23:39:17,11.8
21,2022-01-31 23:38:15,11.7
22,2022-01-31 23:37:14,11.7
23,2022-01-31 23:36:12,12.5
24,2022-01-31 23:35:11,12.7
25,2022-01-31 23:34:10,12.3
26,2022-01-31 23:33:08,12.3
27,2022-01-31 23:32:07,12.4
28,2022-01-31 23:31:05,11.7
29,2022-01-31 23:30:04,11.7
30,2022-01-31 23:29:03,11.6
31,2022-01-31 23:28:01,11.5
32,2022-01-31 23:27:00,9.2
33,2022-01-31 23:25:58,7.9
34,2022-01-31 23:24:57,6.7
35,2022-01-31 23:23:55,4.6
36,2022-01-31 23:22:54,2.7
37,2022-01-31 23:21:53,2.7
38,2022-01-31 23:20:51,4.4
39,2022-01-31 23:19:50,5.5
40,2022-01-31 23:18:48,5.5
41,2022-01-31 23:17:47,5.9
42,2022-01-31 23:16:46,5.8
43,2022-01-31 23:15:44,5.9
44,2022-01-31 23:14:43,4.1
45,2022-01-31 23:13:41,4.2
46,2022-01-31 23:12:40,3.5
47,2022-01-31 23:11:39,2.9
48,2022-01-31 23:10:37,3.0
49,2022-01-31 23:09:36,4.2
50,2022-01-31 23:08:34,3.0
51,2022-01-31 23:07:33,2.9
52,2022-01-31 23:06:31,3.0
53,2022-01-31 23:05:30,4.1
54,2022-01-31 23:04:29,3.0
55,2022-01-31 23:03:27,2.9
56,2022-01-31 23:02:26,3.0
57,2022-01-31 23:01:24,4.1
58,2022-01-31 23:00:23,4.1
59,2022-01-31 22:59:22,4.1
60,2022-01-31 22:58:20,4.1
61,2022-01-31 22:57:19,4.0
62,2022-01-31 22:56:17,4.1
63,2022-01-31 22:55:16,3.7
64,2022-01-31 22:54:14,3.8
65,2022-01-31 22:53:13,3.8
66,2022-01-31 22:52:12,4.9
67,2022-01-31 22:51:10,4.9
68,2022-01-31 22:50:09,5.1
69,2022-01-31 22:49:07,5.0
70,2022-01-31 22:48:06,5.0
71,2022-01-31 22:47:05,5.5
72,2022-01-31 22:46:03,5.3
73,2022-01-31 22:45:02,3.9
74,2022-01-31 22:44:00,3.8
75,2022-01-31 22:42:59,3.8
76,2022-01-31 22:41:57,5.0
77,2022-01-31 22:40:56,5.0
78,2022-01-31 22:39:55,4.9
79,2022-01-31 22:38:53,5.0
80,2022-01-31 22:37:52,4.9
81,2022-01-31 22:36:50,5.0
82,2022-01-31 22:35:49,3.8
83,2022-01-31 22:34:48,3.9
84,2022-01-31 22:33:46,3.8
85,2022-01-31 22:32:45,4.9
86,2022-01-31 22:31:43,4.9
87,2022-01-31 22:30:42,6.6
88,2022-01-31 22:29:41,6.5
89,2022-01-31 22:28:39,6.5
90,2022-01-31 22:27:38,6.6
91,2022-01-31 22:26:36,6.4
92,2022-01-31 22:25:35,3.9
93,2022-01-31 22:24:33,4.0
94,2022-01-31 22:23:32,4.1
95,2022-01-31 22:22:31,5.3
96,2022-01-31 22:21:29,5.2
97,2022-01-31 22:20:28,5.2
98,2022-01-31 22:19:26,5.2
99,2022-01-31 22:18:25,5.2
100,2022-01-31 22:17:24,5.1
101,2022-01-31 22:16:22,5.1
102,2022-01-31 22:15:21,4.0
103,2022-01-31 22:14:19,4.0
104,2022-01-31 22:13:18,4.0
105,2022-01-31 22:12:16,5.0
106,2022-01-31 22:11:15,3.8
107,2022-01-31 22:10:14,3.8
108,2022-01-31 22:09:12,3.9
109,2022-01-31 22:08:11,5.0
110,2022-01-31 22:07:09,5.0
111,2022-01-31 22:06:08,4.9
112,2022-01-31 22:05:07,5.5
113,2022-01-31 22:04:05,5.4
114,2022-01-31 22:03:04,5.6
115,2022-01-31 22:02:02,3.7
116,2022-01-31 22:01:01,3.7
117,2022-01-31 21:59:59,3.7
118,2022-01-31 21:58:58,4.9
119,2022-01-31 21:57:57,4.9
120,2022-01-31 21:56:55,5.0
121,2022-01-31 21:55:54,4.9
122,2022-01-31 21:54:52,5.0
123,2022-01-31 21:53:51,5.1
124,2022-01-31 21:52:50,3.9
125,2022-01-31 21:51:48,3.9
126,2022-01-31 21:50:47,4.0
127,2022-01-31 21:49:45,5.1
128,2022-01-31 21:48:41,5.2
129,2022-01-31 21:47:40,4.9
130,2022-01-31 21:46:39,4.9
131,2022-01-31 21:45:37,6.3
132,2022-01-31 21:44:36,6.3
133,2022-01-31 21:43:34,6.3
134,2022-01-31 21:42:33,4.8
135,2022-01-31 21:41:31,3.8
136,2022-01-31 21:40:30,3.8
137,2022-01-31 21:39:29,3.9
138,2022-01-31 21:38:27,4.7
139,2022-01-31 21:37:26,3.8
140,2022-01-31 21:36:24,4.4
141,2022-01-31 21:35:23,4.4
142,2022-01-31 21:34:22,5.5
143,2022-01-31 21:33:20,5.6
144,2022-01-31 21:32:19,5.6
145,2022-01-31 21:31:17,5.5
146,2022-01-31 21:30:16,5.5
147,2022-01-31 21:29:12,5.6
148,2022-01-31 21:28:11,4.4
149,2022-01-31 21:27:09,4.5
150,2022-01-31 21:26:08,4.6
151,2022-01-31 21:25:06,5.8
152,2022-01-31 21:24:05,5.8
153,2022-01-31 21:23:03,6.4
154,2022-01-31 21:22:02,6.4
155,2022-01-31 21:21:01,6.3
156,2022-01-31 21:19:59,5.6
157,2022-01-31 21:18:58,5.6
158,2022-01-31 21:17:56,5.2
159,2022-01-31 21:16:55,4.4
160,2022-01-31 21:15:54,4.5
161,2022-01-31 21:14:52,4.6
162,2022-01-31 21:13:51,5.1
163,2022-01-31 21:12:49,4.5
164,2022-01-31 21:11:48,4.4
165,2022-01-31 21:10:46,5.6
166,2022-01-31 21:09:45,5.5
167,2022-01-31 21:08:44,5.5
168,2022-01-31 21:07:42,5.6
169,2022-01-31 21:06:41,5.6
170,2022-01-31 21:05:39,5.6
171,2022-01-31 21:04:38,5.7
172,2022-01-31 21:03:37,4.5
173,2022-01-31 21:02:35,4.4
174,2022-01-31 21:01:34,4.4
175,2022-01-31 21:00:32,5.6
176,2022-01-31 20:59:31,5.6
177,2022-01-31 20:58:27,5.8
178,2022-01-31 20:57:26,5.7
179,2022-01-31 20:56:24,5.7
180,2022-01-31 20:55:23,5.7
181,2022-01-31 20:54:21,5.7
182,2022-01-31 20:53:20,5.7
183,2022-01-31 20:52:19,5.6
184,2022-01-31 20:51:17,4.5
185,2022-01-31 20:50:16,4.4
186,2022-01-31 20:49:14,4.5
187,2022-01-31 20:48:13,5.5
188,2022-01-31 20:47:11,4.5
189,2022-01-31 20:46:10,4.6
190,2022-01-31 20:45:09,4.7
191,2022-01-31 20:44:07,5.7
192,2022-01-31 20:43:06,4.7
193,2022-01-31 20:42:04,5.3
194,2022-01-31 20:41:03,5.3
195,2022-01-31 20:40:02,5.8
196,2022-01-31 20:38:58,5.8
197,2022-01-31 20:37:56,5.9
198,2022-01-31 20:36:55,5.9
199,2022-01-31 20:35:53,6.0
200,2022-01-31 20:34:52,5.8
201,2022-01-31 20:33:51,5.8
202,2022-01-31 20:32:49,5.8
203,2022-01-31 20:31:48,6.1
204,2022-01-31 20:30:46,6.5
205,2022-01-31 20:29:45,4.8
206,2022-01-31 20:28:43,4.8
207,2022-01-31 20:27:42,6.2
208,2022-01-31 20:26:41,4.9
209,2022-01-31 20:25:39,5.1
210,2022-01-31 20:24:38,4.9
211,2022-01-31 20:23:36,6.2
212,2022-01-31 20:22:35,4.9
213,2022-01-31 20:21:34,4.9
214,2022-01-31 20:20:32,5.0
215,2022-01-31 20:19:31,6.2
216,2022-01-31 20:18:27,6.2
217,2022-01-31 20:17:25,6.2
218,2022-01-31 20:16:24,6.2
219,2022-01-31 20:15:23,6.1
220,2022-01-31 20:14:21,6.1
221,2022-01-31 20:13:20,5.9
222,2022-01-31 20:12:18,6.1
223,2022-01-31 20:11:17,4.9
224,2022-01-31 20:10:16,4.8
225,2022-01-31 20:09:14,4.9
226,2022-01-31 20:08:13,6.1
227,2022-01-31 20:07:11,4.9
228,2022-01-31 20:06:10,4.9
229,2022-01-31 20:05:08,5.0
230,2022-01-31 20:04:07,6.2
231,2022-01-31 20:03:06,6.7
232,2022-01-31 20:02:04,6.6
233,2022-01-31 20:01:03,5.6
234,2022-01-31 20:00:01,5.1
235,2022-01-31 19:59:00,5.2
236,2022-01-31 19:57:59,5.1
237,2022-01-31 19:56:57,5.1
238,2022-01-31 19:55:56,6.6
239,2022-01-31 19:54:54,6.6
240,2022-01-31 19:53:53,6.4
241,2022-01-31 19:52:51,5.1
242,2022-01-31 19:51:50,5.2
243,2022-01-31 19:50:49,5.2
244,2022-01-31 19:49:47,5.2
245,2022-01-31 19:48:43,5.2
246,2022-01-31 19:47:42,5.4
247,2022-01-31 19:46:40,7.0
248,2022-01-31 19:45:39,6.9
249,2022-01-31 19:44:38,6.9
250,2022-01-31 19:43:36,6.8
251,2022-01-31 19:42:35,6.8
252,2022-01-31 19:41:33,6.8
253,2022-01-31 19:40:32,6.9
254,2022-01-31 19:39:31,6.9
255,2022-01-31 19:38:29,5.8
256,2022-01-31 19:37:28,5.9
257,2022-01-31 19:36:26,5.3
258,2022-01-31 19:35:25,8.0
259,2022-01-31 19:34:23,5.2
260,2022-01-31 19:33:22,5.3
261,2022-01-31 19:32:21,5.4
262,2022-01-31 19:31:19,6.5
263,2022-01-31 19:30:18,6.4
264,2022-01-31 19:29:14,6.3
265,2022-01-31 19:28:12,6.6
266,2022-01-31 19:27:11,5.1
267,2022-01-31 19:26:10,5.2
268,2022-01-31 19:25:08,5.2
269,2022-01-31 19:24:07,5.2
270,2022-01-31 19:23:05,8.1
271,2022-01-31 19:22:04,8.0
272,2022-01-31 19:21:03,7.5
273,2022-01-31 19:20:01,7.1
274,2022-01-31 19:19:00,7.1
275,2022-01-31 19:17:58,6.9
276,2022-01-31 19:16:57,6.7
277,2022-01-31 19:15:55,7.0
278,2022-01-31 19:14:54,7.0
279,2022-01-31 19:13:53,5.6
280,2022-01-31 19:12:51,5.5
281,2022-01-31 19:11:50,5.5
282,2022-01-31 19:10:48,5.4
283,2022-01-31 19:09:47,3.9
284,2022-01-31 19:08:46,3.8
285,2022-01-31 19:07:44,5.7
286,2022-01-31 19:06:43,4.7
287,2022-01-31 19:05:41,3.9
288,2022-01-31 19:04:40,3.9
289,2022-01-31 19:03:38,4.0
290,2022-01-31 19:02:37,3.8
291,2022-01-31 19:01:36,3.7
292,2022-01-31 19:00:34,3.7
293,2022-01-31 18:59:33,3.7
294,2022-01-31 18:58:31,5.4
295,2022-01-31 18:57:30,5.4
296,2022-01-31 18:56:29,5.4
297,2022-01-31 18:55:27,5.4
298,2022-01-31 18:54:26,5.3
299,2022-01-31 18:53:24,5.3
300,2022-01-31 18:52:23,5.3
301,2022-01-31 18:51:22,5.2
302,2022-01-31 18:50:20,3.6
303,2022-01-31 18:49:19,3.5
304,2022-01-31 18:48:17,3.5
305,2022-01-31 18:47:16,3.3
306,2022-01-31 18:46:14,2.3
307,2022-01-31 18:45:13,2.3
308,2022-01-31 18:44:12,2.3
309,2022-01-31 18:43:10,2.3
310,2022-01-31 18:42:09,2.9
311,2022-01-31 18:41:07,4.6
312,2022-01-31 18:40:06,4.6
313,2022-01-31 18:39:05,2.2
314,2022-01-31 18:38:03,2.2
315,2022-01-31 18:37:02,2.2
316,2022-01-31 18:36:00,2.1
317,2022-01-31 18:34:59,2.2
318,2022-01-31 18:33:57,2.2
319,2022-01-31 18:32:56,2.3
320,2022-01-31 18:31:55,2.0
321,2022-01-31 18:30:53,2.1
322,2022-01-31 18:29:52,2.1
323,2022-01-31 18:28:50,2.1
324,2022-01-31 18:27:49,2.0
325,2022-01-31 18:26:48,2.1
326,2022-01-31 18:25:46,2.0
327,2022-01-31 18:24:45,2.0
328,2022-01-31 18:23:43,2.0
329,2022-01-31 18:22:42,2.1
330,2022-01-31 18:21:40,2.0
331,2022-01-31 18:20:39,2.1
332,2022-01-31 18:19:38,2.0
333,2022-01-31 18:18:36,2.0
334,2022-01-31 18:17:35,2.0
335,2022-01-31 18:16:33,2.0
336,2022-01-31 18:15:32,2.0
337,2022-01-31 18:14:31,2.1
338,2022-01-31 18:13:29,2.1
339,2022-01-31 18:12:28,2.1
340,2022-01-31 18:11:26,2.1
341,2022-01-31 18:10:25,2.1
342,2022-01-31 18:09:23,2.1
343,2022-01-31 18:08:22,2.1
344,2022-01-31 18:07:21,5.4
345,2022-01-31 18:06:19,5.4
346,2022-01-31 18:05:18,5.5
347,2022-01-31 18:04:16,5.5
348,2022-01-31 18:03:15,5.5
349,2022-01-31 18:02:14,5.4
350,2022-01-31 18:01:12,5.4
351,2022-01-31 18:00:11,5.5
352,2022-01-31 17:59:09,5.3
353,2022-01-31 17:58:08,6.0
354,2022-01-31 17:57:07,5.9
355,2022-01-31 17:56:05,5.9
356,2022-01-31 17:55:04,5.3
357,2022-01-31 17:54:02,5.3
358,2022-01-31 17:53:01,5.3
359,2022-01-31 17:51:59,5.3
360,2022-01-31 17:50:58,5.3
361,2022-01-31 17:49:57,5.3
362,2022-01-31 17:48:55,5.3
363,2022-01-31 17:47:54,5.3
364,2022-01-31 17:46:52,5.3
365,2022-01-31 17:45:51,5.3
366,2022-01-31 17:44:50,5.3
367,2022-01-31 17:43:48,5.3
368,2022-01-31 17:42:47,5.3
369,2022-01-31 17:41:45,5.3
370,2022-01-31 17:40:44,5.4
371,2022-01-31 17:39:42,5.4
372,2022-01-31 17:38:41,5.4
373,2022-01-31 17:37:40,5.4
374,2022-01-31 17:36:38,5.4
375,2022-01-31 17:35:37,5.4
376,2022-01-31 17:34:35,5.4
377,2022-01-31 17:33:34,5.8
378,2022-01-31 17:32:33,5.4
379,2022-01-31 17:31:31,5.4
380,2022-01-31 17:30:30,5.4
381,2022-01-31 17:29:28,5.4
382,2022-01-31 17:28:27,5.4
383,2022-01-31 17:27:25,5.4
384,2022-01-31 17:26:24,5.3
385,2022-01-31 17:25:23,5.3
386,2022-01-31 17:24:21,6.6
387,2022-01-31 17:23:20,6.9
388,2022-01-31 17:22:18,6.9
389,2022-01-31 17:21:17,6.9
390,2022-01-31 17:20:16,6.9
391,2022-01-31 17:19:14,6.9
392,2022-01-31 17:18:13,6.8
393,2022-01-31 17:17:11,7.4
394,2022-01-31 17:16:10,7.2
395,2022-01-31 17:15:08,7.4
396,2022-01-31 17:14:07,6.9
397,2022-01-31 17:13:06,6.9
398,2022-01-31 17:12:04,6.9
399,2022-01-31 17:11:03,6.9
400,2022-01-31 17:10:01,6.9
401,2022-01-31 17:08:57,6.8
402,2022-01-31 17:07:56,6.8
403,2022-01-31 17:06:55,6.8
404,2022-01-31 17:05:53,6.8
405,2022-01-31 17:04:52,6.8
406,2022-01-31 17:03:50,6.8
407,2022-01-31 17:02:49,6.8
408,2022-01-31 17:01:48,9.0
409,2022-01-31 17:00:46,9.0
410,2022-01-31 16:59:45,9.1
411,2022-01-31 16:58:43,9.2
412,2022-01-31 16:57:42,9.3
413,2022-01-31 16:56:41,9.3
414,2022-01-31 16:55:39,9.2
415,2022-01-31 16:54:38,9.1
416,2022-01-31 16:53:36,9.9
417,2022-01-31 16:52:35,9.9
418,2022-01-31 16:51:33,9.2
419,2022-01-31 16:50:32,9.1
420,2022-01-31 16:49:31,8.9
421,2022-01-31 16:48:29,9.1
422,2022-01-31 16:47:28,10.0
423,2022-01-31 16:46:26,10.0
424,2022-01-31 16:45:25,10.2
425,2022-01-31 16:44:24,9.1
426,2022-01-31 16:43:22,9.2
427,2022-01-31 16:42:21,9.2
428,2022-01-31 16:41:19,9.2
429,2022-01-31 16:40:18,9.0
430,2022-01-31 16:39:16,9.0
431,2022-01-31 16:38:15,9.9
432,2022-01-31 16:37:14,9.9
433,2022-01-31 16:36:12,10.9
434,2022-01-31 16:35:11,11.4
435,2022-01-31 16:34:09,11.2
436,2022-01-31 16:33:08,11.4
437,2022-01-31 16:32:07,11.6
438,2022-01-31 16:31:05,11.6
439,2022-01-31 16:30:04,9.9
440,2022-01-31 16:29:02,9.1
441,2022-01-31 16:28:01,8.9
442,2022-01-31 16:26:59,9.2
443,2022-01-31 16:25:58,9.9
444,2022-01-31 16:24:57,9.9
445,2022-01-31 16:23:55,10.0
446,2022-01-31 16:22:54,9.8
447,2022-01-31 16:21:52,9.8
448,2022-01-31 16:20:51,6.2
449,2022-01-31 16:19:50,6.2
450,2022-01-31 16:18:48,6.3
451,2022-01-31 16:17:47,7.8
452,2022-01-31 16:16:45,7.8
453,2022-01-31 16:15:44,7.8
454,2022-01-31 16:14:42,7.8
455,2022-01-31 16:13:41,6.3
456,2022-01-31 16:12:40,6.3
457,2022-01-31 16:11:38,6.3
458,2022-01-31 16:10:37,6.2
459,2022-01-31 16:09:35,6.1
460,2022-01-31 16:08:34,5.4
461,2022-01-31 16:07:33,5.2
462,2022-01-31 16:06:31,2.6
463,2022-01-31 16:05:30,2.0
464,2022-01-31 16:04:28,2.0
465,2022-01-31 16:03:27,2.0
466,2022-01-31 16:02:25,2.0
467,2022-01-31 16:01:24,2.0
468,2022-01-31 16:00:23,2.0
469,2022-01-31 15:59:21,2.0
470,2022-01-31 15:58:20,2.0
471,2022-01-31 15:57:18,2.0
472,2022-01-31 15:56:17,1.9
473,2022-01-31 15:55:16,2.7
474,2022-01-31 15:54:14,2.7
475,2022-01-31 15:53:13,2.7
476,2022-01-31 15:52:11,2.1
477,2022-01-31 15:51:10,2.1
478,2022-01-31 15:50:08,2.1
479,2022-01-31 15:49:07,2.0
480,2022-01-31 15:48:06,1.9
481,2022-01-31 15:47:04,1.9
482,2022-01-31 15:46:03,1.9
483,2022-01-31 15:45:01,1.9
484,2022-01-31 15:44:00,1.9
485,2022-01-31 15:42:59,2.0
486,2022-01-31 15:41:57,2.0
487,2022-01-31 15:40:56,2.0
488,2022-01-31 15:39:54,1.8
489,2022-01-31 15:38:53,1.8
490,2022-01-31 15:37:51,1.8
491,2022-01-31 15:36:50,1.9
492,2022-01-31 15:35:49,1.9
493,2022-01-31 15:34:47,1.9
494,2022-01-31 15:33:46,1.9
495,2022-01-31 15:32:44,2.5
496,2022-01-31 15:31:43,2.4
497,2022-01-31 15:30:42,4.2
498,2022-01-31 15:29:40,4.1
499,2022-01-31 15:28:39,4.2
500,2022-01-31 15:27:37,4.2
501,2022-01-31 15:26:36,4.2
502,2022-01-31 15:25:35,2.5
503,2022-01-31 15:24:33,2.5
504,2022-01-31 15:23:32,2.6
505,2022-01-31 15:22:30,2.6
506,2022-01-31 15:21:29,2.6
507,2022-01-31 15:20:27,2.6
508,2022-01-31 15:19:26,2.6
509,2022-01-31 15:18:25,2.6
510,2022-01-31 15:17:23,2.6
511,2022-01-31 15:16:22,3.1
512,2022-01-31 15:15:20,3.1
513,2022-01-31 15:14:19,4.7
514,2022-01-31 15:13:18,4.7
515,2022-01-31 15:12:16,2.4
516,2022-01-31 15:11:15,2.4
517,2022-01-31 15:10:13,2.5
518,2022-01-31 15:09:12,3.8
519,2022-01-31 15:08:10,3.7
520,2022-01-31 15:07:09,3.7
521,2022-01-31 15:06:08,5.4
522,2022-01-31 15:05:06,5.5
523,2022-01-31 15:04:05,4.2
524,2022-01-31 15:03:03,4.2
525,2022-01-31 15:02:02,4.3
526,2022-01-31 15:01:01,4.2
527,2022-01-31 14:59:59,4.3
528,2022-01-31 14:58:55,4.3
529,2022-01-31 14:57:54,4.2
530,2022-01-31 14:56:52,4.3
531,2022-01-31 14:55:51,2.5
532,2022-01-31 14:54:47,2.9
533,2022-01-31 14:53:46,3.8
534,2022-01-31 14:52:44,3.9
535,2022-01-31 14:51:43,5.6
536,2022-01-31 14:50:41,5.7
537,2022-01-31 14:49:40,5.7
538,2022-01-31 14:48:39,4.3
539,2022-01-31 14:47:37,2.6
540,2022-01-31 14:46:36,2.6
541,2022-01-31 14:45:34,2.7
542,2022-01-31 14:44:33,2.8
543,2022-01-31 14:43:31,2.6
544,2022-01-31 14:42:30,2.6
545,2022-01-31 14:41:29,2.6
546,2022-01-31 14:40:20,4.3
547,2022-01-31 14:39:16,4.9
548,2022-01-31 14:38:14,4.9
549,2022-01-31 14:37:13,4.3
550,2022-01-31 14:36:12,4.3
551,2022-01-31 14:35:10,2.7
552,2022-01-31 14:34:09,2.6
553,2022-01-31 14:33:07,2.5
554,2022-01-31 14:32:06,2.6
555,2022-01-31 14:31:04,2.6
556,2022-01-31 14:30:03,2.6
557,2022-01-31 14:29:02,2.9
558,2022-01-31 14:28:00,2.6
559,2022-01-31 14:26:59,2.6
560,2022-01-31 14:25:57,2.6
561,2022-01-31 14:24:56,2.6
562,2022-01-31 14:23:55,2.5
563,2022-01-31 14:22:53,2.5
564,2022-01-31 14:21:52,2.5
565,2022-01-31 14:20:50,2.5
566,2022-01-31 14:19:49,2.5
567,2022-01-31 14:18:47,2.6
568,2022-01-31 14:17:46,2.7
569,2022-01-31 14:16:45,2.7
570,2022-01-31 14:15:43,2.6
571,2022-01-31 14:14:42,2.6
572,2022-01-31 14:13:40,2.6
573,2022-01-31 14:12:39,2.6
574,2022-01-31 14:11:38,2.6
575,2022-01-31 14:10:36,2.5
576,2022-01-31 14:09:35,2.5
577,2022-01-31 14:08:33,2.4
578,2022-01-31 14:07:32,2.4
579,2022-01-31 14:06:31,2.5
580,2022-01-31 14:05:29,2.5
581,2022-01-31 14:04:28,2.5
582,2022-01-31 14:03:26,2.5
583,2022-01-31 14:02:25,2.6
584,2022-01-31 14:01:23,2.6
585,2022-01-31 14:00:22,2.6
586,2022-01-31 13:59:21,2.5
587,2022-01-31 13:58:19,2.5
588,2022-01-31 13:57:18,3.1
589,2022-01-31 13:56:16,3.2
590,2022-01-31 13:55:15,2.4
591,2022-01-31 13:54:14,2.6
592,2022-01-31 13:53:12,4.3
593,2022-01-31 13:52:11,4.3
594,2022-01-31 13:51:09,4.2
595,2022-01-31 13:50:08,4.2
596,2022-01-31 13:49:06,4.2
597,2022-01-31 13:48:05,4.2
598,2022-01-31 13:47:04,4.2
599,2022-01-31 13:46:02,4.3
600,2022-01-31 13:44:58,2.7
601,2022-01-31 13:43:57,2.7
602,2022-01-31 13:42:55,2.8
603,2022-01-31 13:41:54,2.7
604,2022-01-31 13:40:53,2.7
605,2022-01-31 13:39:51,4.4
606,2022-01-31 13:38:50,4.4
607,2022-01-31 13:37:48,4.4
608,2022-01-31 13:36:47,4.5
609,2022-01-31 13:35:46,3.8
610,2022-01-31 13:34:44,3.8
611,2022-01-31 13:33:43,3.8
612,2022-01-31 13:32:41,3.8
613,2022-01-31 13:31:40,3.8
614,2022-01-31 13:30:38,3.8
615,2022-01-31 13:29:37,3.8
616,2022-01-31 13:28:36,4.9
617,2022-01-31 13:27:34,5.0
618,2022-01-31 13:26:33,5.0
619,2022-01-31 13:25:31,5.0
620,2022-01-31 13:24:30,3.9
621,2022-01-31 13:23:29,5.0
622,2022-01-31 13:22:27,5.0
623,2022-01-31 13:21:26,5.1
624,2022-01-31 13:20:24,5.5
625,2022-01-31 13:19:23,3.4
626,2022-01-31 13:18:21,3.4
627,2022-01-31 13:17:20,5.1
628,2022-01-31 13:16:19,6.2
629,2022-01-31 13:15:17,5.1
630,2022-01-31 13:14:16,5.1
631,2022-01-31 13:13:14,4.5
632,2022-01-31 13:12:13,8.1
633,2022-01-31 13:11:12,8.1
634,2022-01-31 13:10:10,8.0
635,2022-01-31 13:09:09,8.1
636,2022-01-31 13:08:07,8.1
637,2022-01-31 13:07:06,7.9
638,2022-01-31 13:06:05,7.9
639,2022-01-31 13:05:03,8.0
640,2022-01-31 13:04:02,8.0
641,2022-01-31 13:03:00,4.5
642,2022-01-31 13:01:59,4.5
643,2022-01-31 13:00:57,4.5
644,2022-01-31 12:59:56,4.2
645,2022-01-31 12:58:52,4.2
646,2022-01-31 12:57:51,4.2
647,2022-01-31 12:56:49,4.3
648,2022-01-31 12:55:48,4.3
649,2022-01-31 12:54:46,5.9
650,2022-01-31 12:53:45,5.9
651,2022-01-31 12:52:44,5.9
652,2022-01-31 12:51:42,5.9
653,2022-01-31 12:50:41,5.9
654,2022-01-31 12:49:39,5.9
655,2022-01-31 12:48:38,7.5
656,2022-01-31 12:47:37,7.5
657,2022-01-31 12:46:35,7.5
658,2022-01-31 12:45:34,7.5
659,2022-01-31 12:44:32,7.5
660,2022-01-31 12:43:31,7.5
661,2022-01-31 12:42:29,7.5
662,2022-01-31 12:41:28,9.1
663,2022-01-31 12:40:27,7.5
664,2022-01-31 12:39:25,7.5
665,2022-01-31 12:38:24,7.5
666,2022-01-31 12:37:22,7.6
667,2022-01-31 12:36:21,9.3
668,2022-01-31 12:35:20,9.3
669,2022-01-31 12:34:18,9.9
670,2022-01-31 12:33:17,9.9
671,2022-01-31 12:32:15,8.4
672,2022-01-31 12:31:14,7.8
673,2022-01-31 12:30:12,7.6
674,2022-01-31 12:29:11,7.6
675,2022-01-31 12:28:10,7.6
676,2022-01-31 12:27:08,7.6
677,2022-01-31 12:26:07,7.6
678,2022-01-31 12:25:05,7.6
679,2022-01-31 12:24:04,7.7
680,2022-01-31 12:23:03,7.7
681,2022-01-31 12:22:01,6.6
682,2022-01-31 12:21:00,6.6
683,2022-01-31 12:19:58,6.6
684,2022-01-31 12:18:57,6.6
685,2022-01-31 12:17:56,6.6
686,2022-01-31 12:16:54,6.6
687,2022-01-31 12:15:53,6.6
688,2022-01-31 12:14:51,6.6
689,2022-01-31 12:13:50,6.6
690,2022-01-31 12:12:48,6.6
691,2022-01-31 12:11:47,6.6
692,2022-01-31 12:10:46,6.6
693,2022-01-31 12:09:44,6.6
694,2022-01-31 12:08:43,6.6
695,2022-01-31 12:07:41,6.5
696,2022-01-31 12:06:40,6.6
697,2022-01-31 12:05:39,6.5
698,2022-01-31 12:04:37,6.6
699,2022-01-31 12:03:36,6.6
700,2022-01-31 12:02:34,6.6
701,2022-01-31 12:01:33,6.6
702,2022-01-31 12:00:31,6.6
703,2022-01-31 11:59:30,6.6
704,2022-01-31 11:58:29,6.7
705,2022-01-31 11:57:27,6.5
706,2022-01-31 11:56:26,6.5
707,2022-01-31 11:55:24,6.5
708,2022-01-31 11:54:23,6.5
709,2022-01-31 11:53:22,6.4
710,2022-01-31 11:52:20,6.4
711,2022-01-31 11:51:19,6.4
712,2022-01-31 11:50:17,6.9
713,2022-01-31 11:49:16,6.9
714,2022-01-31 11:48:14,6.3
715,2022-01-31 11:47:13,6.1
716,2022-01-31 11:46:12,4.1
717,2022-01-31 11:45:10,4.1
718,2022-01-31 11:44:09,4.1
719,2022-01-31 11:43:07,4.1
720,2022-01-31 11:42:06,2.1
721,2022-01-31 11:41:05,2.9
722,2022-01-31 11:40:03,1.9
723,2022-01-31 11:38:59,1.9
724,2022-01-31 11:37:58,1.9
725,2022-01-31 11:36:56,1.9
726,2022-01-31 11:35:55,1.9
727,2022-01-31 11:34:54,1.9
728,2022-01-31 11:33:52,1.9
729,2022-01-31 11:32:51,2.0
730,2022-01-31 11:31:42,4.9
731,2022-01-31 11:30:40,5.3
732,2022-01-31 11:29:39,5.3
733,2022-01-31 11:28:38,5.3
734,2022-01-31 11:27:36,5.3
735,2022-01-31 11:26:35,5.2
736,2022-01-31 11:25:33,5.2
737,2022-01-31 11:24:32,5.2
738,2022-01-31 11:23:31,7.0
739,2022-01-31 11:22:29,5.1
740,2022-01-31 11:21:28,5.1
741,2022-01-31 11:20:26,5.1
742,2022-01-31 11:19:25,6.5
743,2022-01-31 11:18:23,6.6
744,2022-01-31 11:17:22,6.2
745,2022-01-31 11:16:21,4.8
746,2022-01-31 11:15:19,7.4
747,2022-01-31 11:14:18,7.3
748,2022-01-31 11:13:16,7.3
749,2022-01-31 11:12:15,7.3
750,2022-01-31 11:11:14,9.2
751,2022-01-31 11:10:12,9.2
752,2022-01-31 11:09:11,9.3
753,2022-01-31 11:08:09,11.3
754,2022-01-31 11:07:08,11.3
755,2022-01-31 11:06:06,11.3
756,2022-01-31 11:05:05,10.7
757,2022-01-31 11:04:04,8.4
758,2022-01-31 11:03:02,6.0
759,2022-01-31 11:02:01,5.9
760,2022-01-31 11:00:59,6.0
761,2022-01-31 10:59:58,2.1
762,2022-01-31 10:58:57,2.1
763,2022-01-31 10:57:55,2.0
764,2022-01-31 10:56:54,2.0
765,2022-01-31 10:55:52,2.0
766,2022-01-31 10:54:51,2.1
767,2022-01-31 10:53:49,2.1
768,2022-01-31 10:52:48,2.2
769,2022-01-31 10:51:47,2.2
770,2022-01-31 10:50:45,2.2
771,2022-01-31 10:49:44,2.1
772,2022-01-31 10:48:42,2.1
773,2022-01-31 10:47:41,2.1
774,2022-01-31 10:46:40,2.1
775,2022-01-31 10:45:38,2.0
776,2022-01-31 10:44:37,3.3
777,2022-01-31 10:43:35,2.0
778,2022-01-31 10:42:34,2.0
779,2022-01-31 10:41:32,1.9
780,2022-01-31 10:40:31,1.9
781,2022-01-31 10:39:30,2.0
782,2022-01-31 10:38:28,2.0
783,2022-01-31 10:37:24,2.0
784,2022-01-31 10:36:23,2.0
785,2022-01-31 10:35:21,2.0
786,2022-01-31 10:34:20,2.0
787,2022-01-31 10:33:19,2.0
788,2022-01-31 10:32:17,2.0
789,2022-01-31 10:31:16,2.0
790,2022-01-31 10:30:14,2.0
791,2022-01-31 10:29:13,2.1
792,2022-01-31 10:28:04,2.1
793,2022-01-31 10:27:03,2.1
794,2022-01-31 10:26:01,2.1
795,2022-01-31 10:25:00,2.7
796,2022-01-31 10:23:58,2.7
797,2022-01-31 10:22:57,1.9
798,2022-01-31 10:21:56,2.0
799,2022-01-31 10:20:54,1.9
800,2022-01-31 10:19:53,3.7
801,2022-01-31 10:18:51,2.9
802,2022-01-31 10:17:50,2.1
803,2022-01-31 10:16:48,3.8
804,2022-01-31 10:15:47,3.7
805,2022-01-31 10:14:46,2.0
806,2022-01-31 10:13:44,2.0
807,2022-01-31 10:12:43,2.0
808,2022-01-31 10:11:41,2.1
809,2022-01-31 10:10:40,2.1
810,2022-01-31 10:09:39,2.1
811,2022-01-31 10:08:35,2.1
812,2022-01-31 10:07:33,2.1
813,2022-01-31 10:06:32,2.1
814,2022-01-31 10:05:30,2.1
815,2022-01-31 10:04:29,2.1
816,2022-01-31 10:03:28,2.1
817,2022-01-31 10:02:26,2.2
818,2022-01-31 10:01:25,2.2
819,2022-01-31 10:00:23,2.2
820,2022-01-31 09:59:22,2.2
821,2022-01-31 09:58:21,4.1
822,2022-01-31 09:57:19,2.2
823,2022-01-31 09:56:18,2.2
824,2022-01-31 09:55:16,2.1
825,2022-01-31 09:54:15,2.1
826,2022-01-31 09:53:13,2.2
827,2022-01-31 09:52:12,2.2
828,2022-01-31 09:51:11,2.1
829,2022-01-31 09:50:09,2.0
830,2022-01-31 09:49:05,2.1
831,2022-01-31 09:48:04,2.1
832,2022-01-31 09:47:02,2.1
833,2022-01-31 09:46:01,2.1
834,2022-01-31 09:45:00,2.2
835,2022-01-31 09:43:58,2.2
836,2022-01-31 09:42:57,2.8
837,2022-01-31 09:41:55,2.7
838,2022-01-31 09:40:54,4.6
839,2022-01-31 09:39:53,2.6
840,2022-01-31 09:38:51,2.1
841,2022-01-31 09:37:50,2.1
842,2022-01-31 09:36:48,2.1
843,2022-01-31 09:35:47,2.1
844,2022-01-31 09:34:45,2.5
845,2022-01-31 09:33:44,3.1
846,2022-01-31 09:32:43,2.1
847,2022-01-31 09:31:41,2.2
848,2022-01-31 09:30:40,2.2
849,2022-01-31 09:29:38,2.2
850,2022-01-31 09:28:37,2.3
851,2022-01-31 09:27:36,2.3
852,2022-01-31 09:26:34,2.4
853,2022-01-31 09:25:33,2.4
854,2022-01-31 09:24:31,2.4
855,2022-01-31 09:23:30,2.2
856,2022-01-31 09:22:29,3.8
857,2022-01-31 09:21:27,3.9
858,2022-01-31 09:20:26,3.8
859,2022-01-31 09:19:24,3.8
860,2022-01-31 09:18:23,3.9
861,2022-01-31 09:17:21,7.2
862,2022-01-31 09:16:20,5.9
863,2022-01-31 09:15:19,5.9
864,2022-01-31 09:14:17,5.9
865,2022-01-31 09:13:16,7.5
866,2022-01-31 09:12:14,7.6
867,2022-01-31 09:11:13,9.1
868,2022-01-31 09:10:12,9.1
869,2022-01-31 09:09:10,7.0
870,2022-01-31 09:08:09,6.3
871,2022-01-31 09:07:07,5.4
872,2022-01-31 09:06:06,5.4
873,2022-01-31 09:05:04,5.3
874,2022-01-31 09:04:03,3.7
875,2022-01-31 09:03:02,3.8
876,2022-01-31 09:02:00,2.1
877,2022-01-31 09:00:59,2.8
878,2022-01-31 08:59:57,2.7
879,2022-01-31 08:58:56,2.7
880,2022-01-31 08:57:55,2.1
881,2022-01-31 08:56:53,2.1
882,2022-01-31 08:55:52,2.1
883,2022-01-31 08:54:50,2.1
884,2022-01-31 08:53:49,2.2
885,2022-01-31 08:52:48,2.2
886,2022-01-31 08:51:46,3.5
887,2022-01-31 08:50:45,2.1
888,2022-01-31 08:49:43,2.1
889,2022-01-31 08:48:42,2.1
890,2022-01-31 08:47:40,2.1
891,2022-01-31 08:46:39,2.0
892,2022-01-31 08:45:38,2.0
893,2022-01-31 08:44:36,3.7
894,2022-01-31 08:43:35,3.7
895,2022-01-31 08:42:33,3.7
896,2022-01-31 08:41:32,3.7
897,2022-01-31 08:40:31,3.7
898,2022-01-31 08:39:29,4.6
899,2022-01-31 08:38:28,4.4
900,2022-01-31 08:37:26,5.5
901,2022-01-31 08:36:25,7.4
902,2022-01-31 08:35:23,5.6
903,2022-01-31 08:34:22,5.5
904,2022-01-31 08:33:21,5.5
905,2022-01-31 08:32:19,5.5
906,2022-01-31 08:31:18,5.1
907,2022-01-31 08:30:16,5.2
908,2022-01-31 08:29:12,5.2
909,2022-01-31 08:28:11,5.2
910,2022-01-31 08:27:10,5.2
911,2022-01-31 08:26:08,5.2
912,2022-01-31 08:25:07,5.1
913,2022-01-31 08:24:05,8.9
914,2022-01-31 08:23:04,8.9
915,2022-01-31 08:22:03,10.0
916,2022-01-31 08:21:01,9.7
917,2022-01-31 08:20:00,9.7
918,2022-01-31 08:18:58,11.3
919,2022-01-31 08:17:57,12.0
920,2022-01-31 08:16:55,12.3
921,2022-01-31 08:15:54,10.2
922,2022-01-31 08:14:53,10.2
923,2022-01-31 08:13:51,10.2
924,2022-01-31 08:12:50,10.9
925,2022-01-31 08:11:48,10.1
926,2022-01-31 08:10:47,10.2
927,2022-01-31 08:09:46,10.0
928,2022-01-31 08:08:44,10.2
929,2022-01-31 08:07:43,13.7
930,2022-01-31 08:06:41,12.8
931,2022-01-31 08:05:40,11.7
932,2022-01-31 08:04:39,10.0
933,2022-01-31 08:03:37,10.0
934,2022-01-31 08:02:36,11.0
935,2022-01-31 08:01:34,7.6
936,2022-01-31 08:00:33,9.2
937,2022-01-31 07:59:31,9.2
938,2022-01-31 07:58:30,9.2
939,2022-01-31 07:57:29,9.2
940,2022-01-31 07:56:27,9.3
941,2022-01-31 07:55:26,10.8
942,2022-01-31 07:54:17,9.6
943,2022-01-31 07:53:15,9.7
944,2022-01-31 07:52:14,9.7
945,2022-01-31 07:51:13,8.0
946,2022-01-31 07:50:11,8.6
947,2022-01-31 07:49:10,8.4
948,2022-01-31 07:48:08,8.4
949,2022-01-31 07:47:07,10.7
950,2022-01-31 07:46:06,10.5
951,2022-01-31 07:45:04,10.9
952,2022-01-31 07:44:03,9.6
953,2022-01-31 07:43:01,6.3
954,2022-01-31 07:42:00,5.2
955,2022-01-31 07:40:58,4.4
956,2022-01-31 07:39:57,4.4
957,2022-01-31 07:38:56,5.3
958,2022-01-31 07:37:54,4.3
959,2022-01-31 07:36:53,4.3
960,2022-01-31 07:35:51,4.3
961,2022-01-31 07:34:50,4.3
962,2022-01-31 07:33:49,8.3
963,2022-01-31 07:32:47,10.1
964,2022-01-31 07:31:46,8.4
965,2022-01-31 07:30:44,7.6
966,2022-01-31 07:29:43,7.6
967,2022-01-31 07:28:41,7.6
968,2022-01-31 07:27:40,7.6
969,2022-01-31 07:26:39,9.9
970,2022-01-31 07:25:37,9.9
971,2022-01-31 07:24:36,11.5
972,2022-01-31 07:23:34,11.5
973,2022-01-31 07:22:33,10.4
974,2022-01-31 07:21:32,12.3
975,2022-01-31 07:20:30,11.2
976,2022-01-31 07:19:29,10.4
977,2022-01-31 07:18:27,11.5
978,2022-01-31 07:17:26,11.7
979,2022-01-31 07:16:24,11.5
980,2022-01-31 07:15:23,11.7
981,2022-01-31 07:14:22,11.7
982,2022-01-31 07:13:20,11.7
983,2022-01-31 07:12:19,11.7
984,2022-01-31 07:11:17,10.5
985,2022-01-31 07:10:16,11.5
986,2022-01-31 07:09:15,13.2
987,2022-01-31 07:08:13,11.4
988,2022-01-31 07:07:12,11.3
989,2022-01-31 07:06:10,11.3
990,2022-01-31 07:05:09,11.3
991,2022-01-31 07:04:07,11.1
992,2022-01-31 07:03:06,11.3
993,2022-01-31 07:02:05,11.3
994,2022-01-31 07:01:03,10.0
995,2022-01-31 07:00:02,11.4
996,2022-01-31 06:59:00,10.1
997,2022-01-31 06:57:59,9.9
998,2022-01-31 06:56:58,10.0
999,2022-01-31 06:55:56,9.9
1000,2022-01-31 06:54:55,10.0
1001,2022-01-31 06:53:53,10.1
1002,2022-01-31 06:52:52,8.1
1003,2022-01-31 06:51:50,7.2
1004,2022-01-31 06:50:49,8.1
1005,2022-01-31 06:49:48,6.1
1006,2022-01-31 06:48:44,6.1
1007,2022-01-31 06:47:42,6.1
1008,2022-01-31 06:46:41,6.1
1009,2022-01-31 06:45:39,6.2
1010,2022-01-31 06:44:38,6.1
1011,2022-01-31 06:43:37,6.1
1012,2022-01-31 06:42:35,5.1
1013,2022-01-31 06:41:34,5.1
1014,2022-01-31 06:40:32,6.9
1015,2022-01-31 06:39:31,5.9
1016,2022-01-31 06:38:30,6.2
1017,2022-01-31 06:37:28,6.2
1018,2022-01-31 06:36:27,8.3
1019,2022-01-31 06:35:25,8.2
1020,2022-01-31 06:34:24,8.2
1021,2022-01-31 06:33:22,8.0
1022,2022-01-31 06:32:21,7.9
1023,2022-01-31 06:31:20,9.9
1024,2022-01-31 06:30:18,6.1
1025,2022-01-31 06:29:14,6.1
1026,2022-01-31 06:28:13,6.3
1027,2022-01-31 06:27:11,7.1
1028,2022-01-31 06:26:10,7.1
1029,2022-01-31 06:25:09,3.8
1030,2022-01-31 06:24:07,3.7
1031,2022-01-31 06:23:06,3.8
1032,2022-01-31 06:22:04,3.7
1033,2022-01-31 06:21:03,3.6
1034,2022-01-31 06:20:02,21.7
1035,2022-01-31 06:19:00,20.6
1036,2022-01-31 06:17:59,17.7
1037,2022-01-31 06:16:57,13.8
1038,2022-01-31 06:15:56,5.4
1039,2022-01-31 06:14:55,3.8
1040,2022-01-31 06:13:53,3.8
1041,2022-01-31 06:12:52,3.8
1042,2022-01-31 06:11:50,3.8
1043,2022-01-31 06:10:49,3.7
1044,2022-01-31 06:09:47,3.7
1045,2022-01-31 06:08:46,5.6
1046,2022-01-31 06:07:45,2.9
1047,2022-01-31 06:06:43,2.0
1048,2022-01-31 06:05:42,2.0
1049,2022-01-31 06:04:40,1.9
1050,2022-01-31 06:03:39,3.7
1051,2022-01-31 06:02:38,3.8
1052,2022-01-31 06:01:36,3.8
1053,2022-01-31 06:00:35,3.7
1054,2022-01-31 05:59:33,3.7
1055,2022-01-31 05:58:29,3.6
1056,2022-01-31 05:57:28,3.6
1057,2022-01-31 05:56:27,4.5
1058,2022-01-31 05:55:25,1.8
1059,2022-01-31 05:54:24,1.8
1060,2022-01-31 05:53:22,1.8
1061,2022-01-31 05:52:21,3.7
1062,2022-01-31 05:51:19,3.7
1063,2022-01-31 05:50:18,3.6
1064,2022-01-31 05:49:17,3.6
1065,2022-01-31 05:48:15,3.6
1066,2022-01-31 05:47:14,3.6
1067,2022-01-31 05:46:12,3.6
1068,2022-01-31 05:45:11,5.5
1069,2022-01-31 05:44:10,4.5
1070,2022-01-31 05:43:08,1.8
1071,2022-01-31 05:42:07,1.8
1072,2022-01-31 05:41:05,1.8
1073,2022-01-31 05:40:04,3.7
1074,2022-01-31 05:39:03,3.6
1075,2022-01-31 05:38:01,5.3
1076,2022-01-31 05:37:00,5.3
1077,2022-01-31 05:35:58,3.6
1078,2022-01-31 05:34:57,3.6
1079,2022-01-31 05:33:55,3.6
1080,2022-01-31 05:32:54,3.6
1081,2022-01-31 05:31:53,3.6
1082,2022-01-31 05:30:51,5.7
1083,2022-01-31 05:29:50,1.8
1084,2022-01-31 05:28:48,1.9
1085,2022-01-31 05:27:47,1.9
1086,2022-01-31 05:26:46,5.2
1087,2022-01-31 05:25:44,3.9
1088,2022-01-31 05:24:43,3.8
1089,2022-01-31 05:23:41,3.8
1090,2022-01-31 05:22:40,3.8
1091,2022-01-31 05:21:38,3.8
1092,2022-01-31 05:20:37,3.7
1093,2022-01-31 05:19:36,3.8
1094,2022-01-31 05:18:34,3.7
1095,2022-01-31 05:17:33,6.3
1096,2022-01-31 05:16:31,3.0
1097,2022-01-31 05:15:30,1.9
1098,2022-01-31 05:14:29,2.0
1099,2022-01-31 05:13:27,3.9
1100,2022-01-31 05:12:26,3.9
1101,2022-01-31 05:11:24,3.9
1102,2022-01-31 05:10:23,3.9
1103,2022-01-31 05:09:21,3.9
1104,2022-01-31 05:08:20,3.9
1105,2022-01-31 05:07:19,3.8
1106,2022-01-31 05:06:17,3.9
1107,2022-01-31 05:05:16,2.7
1108,2022-01-31 05:04:14,2.0
1109,2022-01-31 05:03:13,2.0
1110,2022-01-31 05:02:12,5.3
1111,2022-01-31 05:01:10,3.9
1112,2022-01-31 05:00:09,3.9
1113,2022-01-31 04:59:07,4.0
1114,2022-01-31 04:58:06,3.9
1115,2022-01-31 04:57:04,3.8
1116,2022-01-31 04:56:03,3.8
1117,2022-01-31 04:55:02,3.8
1118,2022-01-31 04:54:00,3.8
1119,2022-01-31 04:52:59,4.4
1120,2022-01-31 04:51:57,1.9
1121,2022-01-31 04:50:56,1.8
1122,2022-01-31 04:49:55,1.8
1123,2022-01-31 04:48:53,5.5
1124,2022-01-31 04:47:52,3.6
1125,2022-01-31 04:46:50,3.6
1126,2022-01-31 04:45:49,3.7
1127,2022-01-31 04:44:47,3.7
1128,2022-01-31 04:43:46,3.7
1129,2022-01-31 04:42:45,3.6
1130,2022-01-31 04:41:43,2.8
1131,2022-01-31 04:40:42,1.8
1132,2022-01-31 04:39:40,1.8
1133,2022-01-31 04:38:36,3.8
1134,2022-01-31 04:37:35,4.6
1135,2022-01-31 04:36:34,3.8
1136,2022-01-31 04:35:32,3.8
1137,2022-01-31 04:34:31,3.8
1138,2022-01-31 04:33:29,3.7
1139,2022-01-31 04:32:28,3.7
1140,2022-01-31 04:31:27,3.7
1141,2022-01-31 04:30:25,3.6
1142,2022-01-31 04:29:24,3.7
1143,2022-01-31 04:28:22,2.6
1144,2022-01-31 04:27:21,1.9
1145,2022-01-31 04:26:19,1.9
1146,2022-01-31 04:25:18,5.7
1147,2022-01-31 04:24:17,3.8
1148,2022-01-31 04:23:15,3.8
1149,2022-01-31 04:22:14,3.8
1150,2022-01-31 04:21:12,3.8
1151,2022-01-31 04:20:11,3.8
1152,2022-01-31 04:19:10,3.7
1153,2022-01-31 04:18:08,3.6
1154,2022-01-31 04:17:07,4.0
1155,2022-01-31 04:16:05,1.8
1156,2022-01-31 04:15:04,1.7
1157,2022-01-31 04:14:02,2.8
1158,2022-01-31 04:13:01,3.6
1159,2022-01-31 04:12:00,3.7
1160,2022-01-31 04:10:58,3.6
1161,2022-01-31 04:09:57,3.6
1162,2022-01-31 04:08:55,3.6
1163,2022-01-31 04:07:54,3.6
1164,2022-01-31 04:06:53,4.7
1165,2022-01-31 04:05:51,4.7
1166,2022-01-31 04:04:50,4.8
1167,2022-01-31 04:03:48,4.7
1168,2022-01-31 04:02:47,5.2
1169,2022-01-31 04:01:46,4.4
1170,2022-01-31 04:00:44,1.9
1171,2022-01-31 03:59:43,1.9
1172,2022-01-31 03:58:41,3.8
1173,2022-01-31 03:57:40,3.8
1174,2022-01-31 03:56:38,3.8
1175,2022-01-31 03:55:37,3.8
1176,2022-01-31 03:54:36,3.8
1177,2022-01-31 03:53:34,3.8
1178,2022-01-31 03:52:33,3.8
1179,2022-01-31 03:51:31,4.8
1180,2022-01-31 03:50:30,2.0
1181,2022-01-31 03:49:29,2.0
1182,2022-01-31 03:48:27,3.9
1183,2022-01-31 03:47:26,3.9
1184,2022-01-31 03:46:24,3.9
1185,2022-01-31 03:45:23,3.8
1186,2022-01-31 03:44:21,3.8
1187,2022-01-31 03:43:20,3.7
1188,2022-01-31 03:42:19,3.7
1189,2022-01-31 03:41:17,3.7
1190,2022-01-31 03:40:16,2.8
1191,2022-01-31 03:39:14,1.9
1192,2022-01-31 03:38:13,2.0
1193,2022-01-31 03:37:12,3.9
1194,2022-01-31 03:36:10,3.9
1195,2022-01-31 03:35:09,5.5
1196,2022-01-31 03:34:07,3.8
1197,2022-01-31 03:33:06,3.9
1198,2022-01-31 03:32:04,3.1
1199,2022-01-31 03:31:03,3.1
1200,2022-01-31 03:30:02,3.0
1201,2022-01-31 03:29:00,3.2
1202,2022-01-31 03:27:59,3.9
1203,2022-01-31 03:26:57,3.8
1204,2022-01-31 03:25:56,4.2
1205,2022-01-31 03:24:55,1.9
1206,2022-01-31 03:23:53,2.0
1207,2022-01-31 03:22:52,2.1
1208,2022-01-31 03:21:50,3.9
1209,2022-01-31 03:20:49,4.0
1210,2022-01-31 03:19:47,4.1
1211,2022-01-31 03:18:46,4.1
1212,2022-01-31 03:17:45,4.1
1213,2022-01-31 03:16:43,3.3
1214,2022-01-31 03:15:42,3.3
1215,2022-01-31 03:14:40,3.2
1216,2022-01-31 03:13:39,4.0
1217,2022-01-31 03:12:38,3.9
1218,2022-01-31 03:11:36,3.9
1219,2022-01-31 03:10:35,6.3
1220,2022-01-31 03:09:33,2.0
1221,2022-01-31 03:08:32,2.0
1222,2022-01-31 03:07:23,2.0
1223,2022-01-31 03:06:22,3.8
1224,2022-01-31 03:05:20,3.8
1225,2022-01-31 03:04:19,3.8
1226,2022-01-31 03:03:17,3.9
1227,2022-01-31 03:02:16,4.0
1228,2022-01-31 03:01:14,4.0
1229,2022-01-31 03:00:13,3.2
1230,2022-01-31 02:59:12,3.1
1231,2022-01-31 02:58:10,3.0
1232,2022-01-31 02:57:09,3.9
1233,2022-01-31 02:56:05,3.9
1234,2022-01-31 02:55:03,5.9
1235,2022-01-31 02:54:02,4.0
1236,2022-01-31 02:53:01,2.1
1237,2022-01-31 02:51:59,2.1
1238,2022-01-31 02:50:58,2.0
1239,2022-01-31 02:49:56,3.9
1240,2022-01-31 02:48:55,3.9
1241,2022-01-31 02:47:54,3.9
1242,2022-01-31 02:46:52,4.6
1243,2022-01-31 02:45:51,3.3
1244,2022-01-31 02:44:49,3.2
1245,2022-01-31 02:43:48,3.3
1246,2022-01-31 02:42:47,4.0
1247,2022-01-31 02:41:45,4.0
1248,2022-01-31 02:40:44,4.4
1249,2022-01-31 02:39:42,5.6
1250,2022-01-31 02:38:41,5.6
1251,2022-01-31 02:37:39,5.6
1252,2022-01-31 02:36:38,8.8
1253,2022-01-31 02:35:37,7.5
1254,2022-01-31 02:34:35,7.5
1255,2022-01-31 02:33:34,8.1
1256,2022-01-31 02:32:32,8.2
1257,2022-01-31 02:31:31,6.8
1258,2022-01-31 02:30:30,3.3
1259,2022-01-31 02:29:28,3.3
1260,2022-01-31 02:28:27,4.1
1261,2022-01-31 02:27:25,4.0
1262,2022-01-31 02:26:24,5.7
1263,2022-01-31 02:25:22,3.2
1264,2022-01-31 02:24:21,2.2
1265,2022-01-31 02:23:20,2.2
1266,2022-01-31 02:22:18,2.2
1267,2022-01-31 02:21:17,4.1
1268,2022-01-31 02:20:15,4.1
1269,2022-01-31 02:19:14,5.9
1270,2022-01-31 02:18:13,5.8
1271,2022-01-31 02:17:11,4.1
1272,2022-01-31 02:16:10,4.1
1273,2022-01-31 02:15:08,3.4
1274,2022-01-31 02:14:07,3.3
1275,2022-01-31 02:13:05,3.3
1276,2022-01-31 02:12:04,4.2
1277,2022-01-31 02:11:03,4.2
1278,2022-01-31 02:10:01,5.4
1279,2022-01-31 02:09:00,4.0
1280,2022-01-31 02:07:58,2.3
1281,2022-01-31 02:06:57,2.4
1282,2022-01-31 02:05:56,2.0
1283,2022-01-31 02:04:54,3.9
1284,2022-01-31 02:03:53,3.9
1285,2022-01-31 02:02:51,3.9
1286,2022-01-31 02:01:50,3.8
1287,2022-01-31 02:00:49,3.8
1288,2022-01-31 01:59:47,3.9
1289,2022-01-31 01:58:46,3.2
1290,2022-01-31 01:57:44,3.1
1291,2022-01-31 01:56:43,3.7
1292,2022-01-31 01:55:41,3.8
1293,2022-01-31 01:54:40,3.8
1294,2022-01-31 01:53:39,3.7
1295,2022-01-31 01:52:37,4.3
1296,2022-01-31 01:51:36,2.5
1297,2022-01-31 01:50:34,2.5
1298,2022-01-31 01:49:33,2.5
1299,2022-01-31 01:48:32,3.8
1300,2022-01-31 01:47:30,3.9
1301,2022-01-31 01:46:29,3.9
1302,2022-01-31 01:45:27,4.0
1303,2022-01-31 01:44:26,3.1
1304,2022-01-31 01:43:24,3.2
1305,2022-01-31 01:42:23,3.1
1306,2022-01-31 01:41:22,3.9
1307,2022-01-31 01:40:20,5.0
1308,2022-01-31 01:39:11,4.0
1309,2022-01-31 01:38:10,3.2
1310,2022-01-31 01:37:08,2.2
1311,2022-01-31 01:36:07,2.2
1312,2022-01-31 01:35:06,2.2
1313,2022-01-31 01:34:02,4.1
1314,2022-01-31 01:33:00,3.9
1315,2022-01-31 01:31:59,3.8
1316,2022-01-31 01:30:57,3.8
1317,2022-01-31 01:29:56,3.9
1318,2022-01-31 01:28:55,4.0
1319,2022-01-31 01:27:53,3.1
1320,2022-01-31 01:26:52,3.6
1321,2022-01-31 01:25:50,3.5
1322,2022-01-31 01:24:49,3.8
1323,2022-01-31 01:23:48,3.7
1324,2022-01-31 01:22:46,3.8
1325,2022-01-31 01:21:45,3.1
1326,2022-01-31 01:20:43,2.0
1327,2022-01-31 01:19:42,2.0
1328,2022-01-31 01:18:41,2.0
1329,2022-01-31 01:17:39,3.9
1330,2022-01-31 01:16:38,3.9
1331,2022-01-31 01:15:36,3.9
1332,2022-01-31 01:14:35,3.9
1333,2022-01-31 01:13:33,4.0
1334,2022-01-31 01:12:32,3.2
1335,2022-01-31 01:11:31,3.2
1336,2022-01-31 01:10:29,3.0
1337,2022-01-31 01:09:28,5.4
1338,2022-01-31 01:08:26,4.5
1339,2022-01-31 01:07:25,4.4
1340,2022-01-31 01:06:24,3.6
1341,2022-01-31 01:05:22,2.1
1342,2022-01-31 01:04:21,2.1
1343,2022-01-31 01:03:19,2.1
1344,2022-01-31 01:02:18,4.0
1345,2022-01-31 01:01:16,4.0
1346,2022-01-31 01:00:15,4.0
1347,2022-01-31 00:59:14,3.9
1348,2022-01-31 00:58:12,3.9
1349,2022-01-31 00:57:11,3.1
1350,2022-01-31 00:56:09,3.2
1351,2022-01-31 00:55:08,3.0
1352,2022-01-31 00:54:07,5.9
1353,2022-01-31 00:53:05,4.9
1354,2022-01-31 00:52:04,3.7
1355,2022-01-31 00:51:02,3.8
1356,2022-01-31 00:50:01,1.9
1357,2022-01-31 00:48:59,1.9
1358,2022-01-31 00:47:58,2.0
1359,2022-01-31 00:46:57,3.9
1360,2022-01-31 00:45:55,3.8
1361,2022-01-31 00:44:54,3.7
1362,2022-01-31 00:43:52,3.7
1363,2022-01-31 00:42:51,3.7
1364,2022-01-31 00:41:50,3.7
1365,2022-01-31 00:40:48,3.1
1366,2022-01-31 00:39:47,3.0
1367,2022-01-31 00:38:45,3.2
1368,2022-01-31 00:37:44,3.8
1369,2022-01-31 00:36:42,5.7
1370,2022-01-31 00:35:41,4.4
1371,2022-01-31 00:34:40,2.0
1372,2022-01-31 00:33:38,2.0
1373,2022-01-31 00:32:37,2.2
1374,2022-01-31 00:31:35,9.3
1375,2022-01-31 00:30:34,9.4
1376,2022-01-31 00:29:33,9.4
1377,2022-01-31 00:28:31,9.4
1378,2022-01-31 00:27:30,9.4
1379,2022-01-31 00:26:28,9.4
1380,2022-01-31 00:25:27,9.9
1381,2022-01-31 00:24:25,10.1
1382,2022-01-31 00:23:24,9.2
1383,2022-01-31 00:22:23,11.0
1384,2022-01-31 00:21:21,9.6
1385,2022-01-31 00:20:20,9.7
1386,2022-01-31 00:19:18,9.6
1387,2022-01-31 00:18:17,9.8
1388,2022-01-31 00:17:16,7.9
1389,2022-01-31 00:16:14,7.9
1390,2022-01-31 00:15:13,7.3
1391,2022-01-31 00:14:11,9.2
1392,2022-01-31 00:13:10,9.1
1393,2022-01-31 00:12:08,9.1
1394,2022-01-31 00:11:07,9.1
1395,2022-01-31 00:10:06,9.1
1396,2022-01-31 00:09:02,9.1
1397,2022-01-31 00:08:00,10.8
1398,2022-01-31 00:06:59,9.1
1399,2022-01-31 00:05:57,9.0
1400,2022-01-31 00:04:56,9.0
1401,2022-01-31 00:03:55,8.8
1402,2022-01-31 00:02:53,9.7
1403,2022-01-31 00:01:52,9.7
1404,2022-01-31 00:00:50,9.6
